<?xml version="1.0" encoding="UTF-8"?>
<api context="/healthcare" name="HealthCareAPI" xmlns="http://ws.apache.org/ns/synapse">
    <resource methods="POST" uri-template="/categories/{category}/reserve">
        <inSequence>
            <property description="Get Hospital" expression="json-eval($.hospital)" name="Hospital" scope="default" type="STRING"/>
            <property description="Get Card No" expression="json-eval($.cardNo)" name="card_number" scope="default" type="STRING"/>
            <datamapper config="gov:datamapper/RequestMapping.dmc" inputSchema="gov:datamapper/RequestMapping_inputSchema.json" inputType="JSON" outputSchema="gov:datamapper/RequestMapping_outputSchema.json" outputType="JSON" xsltStyleSheet="gov:datamapper/RequestMapping_xsltStyleSheet.xml"/>
            <switch source="get-property('Hospital')">
                <case regex="grand oak community hospital">
                    <log level="custom">
                        <property expression="fn:concat('Routing to ', get-property('Hospital'))" name="message"/>
                    </log>
                    <log>
                        <property expression="json-eval($)" name="AFTER-DATAMAPPING"/>
                    </log>
                    <property description="Set Hospital Variable" name="uri.var.hospital" scope="default" type="STRING" value="grandoaks"/>
                    <call>
                        <endpoint key="GrandOakEP"/>
                    </call>
                </case>
                <case regex="clemency medical center">
                    <log level="custom">
                        <property expression="fn:concat('Routing to ', get-property('Hospital'))" name="message"/>
                    </log>
                    <log>
                        <property expression="json-eval($)" name="AFTER-DATAMAPPING"/>
                    </log>
                    <property description="Set Hospital Variable" name="uri.var.hospital" scope="default" type="STRING" value=" clemency"/>
                    <call>
                        <endpoint key="ClemencyMedicalEP"/>
                    </call>
                </case>
                <case regex="pine valley community hospital">
                    <log level="custom">
                        <property expression="fn:concat('Routing to ', get-property('Hospital'))" name="message"/>
                    </log>
                    <log>
                        <property expression="json-eval($)" name="AFTER-DATAMAPPING"/>
                    </log>
                    <property description="Set Hospital Variable" name="uri.var.hospital" scope="default" type="STRING" value="pinevalley"/>
                    <call>
                        <endpoint key="PinValleyCommunity"/>
                    </call>
                </case>
                <default>
                    <log level="custom">
                        <property expression="fn:concat('Invalid hospital - ', get-property('Hospital'))" name="FaultLog"/>
                    </log>
                    <respond/>
                </default>
            </switch>
            <property description="Get Appointment Number" expression="json-eval($.appointmentNumber)" name="uri.var.appointment_id" scope="default" type="STRING"/>
            <property description="Get Doctor Details" expression="json-eval($.doctor)" name="doctor_details" scope="default" type="STRING"/>
            <property description="Get Patient Details" expression="json-eval($.patient)" name="patient_details" scope="default" type="STRING"/>
            <call>
                <endpoint key="ChannelingFeeEP"/>
            </call>
            <property description="Get Actual Fee" expression="json-eval($.actualFee)" name="actual_fee" scope="default" type="STRING"/>
            <payloadFactory media-type="json">
                <format>{&#xd;
"appointmentNumber":$1,&#xd;
"doctor":$2,&#xd;
"patient":$3,&#xd;
"fee":$4,&#xd;
"confirmed":"false",&#xd;
"card_number":"$5"&#xd;
}</format>
                <args>
                    <arg evaluator="xml" expression="$ctx:uri.var.appointment_id"/>
                    <arg evaluator="xml" expression="$ctx:doctor_details"/>
                    <arg evaluator="xml" expression="$ctx:patient_details"/>
                    <arg evaluator="xml" expression="$ctx:actual_fee"/>
                    <arg evaluator="xml" expression="$ctx:card_number"/>
                </args>
            </payloadFactory>
            <call>
                <endpoint key="SettlePaymentEP"/>
            </call>
            <respond/>
        </inSequence>
        <outSequence/>
        <faultSequence/>
    </resource>
</api>
