<?xml version="1.0" encoding="UTF-8"?><artifacts>
    <artifact name="Hospital_Reg" groupId="com.example.resource" version="1.0.0" type="registry/resource" serverRole="EnterpriseIntegrator">
        <item>
            <file>Hospital_Reg.xml</file>
            <path>/_system/governance/endpoints</path>
            <mediaType>application/vnd.wso2.esb.endpoint</mediaType>
            <properties/>
        </item>
    </artifact>
    <artifact name="RequestMapping" groupId="com.example.resource" version="1.0.0" type="registry/resource" serverRole="EnterpriseServiceBus">
        <item>
            <file>RequestMapping.dmc</file>
            <path>/_system/governance/datamapper</path>
            <mediaType>text/plain</mediaType>
            <properties/>
        </item>
    </artifact>
    <artifact name="RequestMapping_inputSchema" groupId="com.example.resource" version="1.0.0" type="registry/resource" serverRole="EnterpriseServiceBus">
        <item>
            <file>RequestMapping_inputSchema.json</file>
            <path>/_system/governance/datamapper</path>
            <mediaType>text/plain</mediaType>
            <properties/>
        </item>
    </artifact>
    <artifact name="RequestMapping_outputSchema" groupId="com.example.resource" version="1.0.0" type="registry/resource" serverRole="EnterpriseServiceBus">
        <item>
            <file>RequestMapping_outputSchema.json</file>
            <path>/_system/governance/datamapper</path>
            <mediaType>text/plain</mediaType>
            <properties/>
        </item>
    </artifact>
    <artifact name="RequestMapping_xsltStyleSheet" groupId="com.example.resource" version="1.0.0" type="registry/resource" serverRole="EnterpriseServiceBus">
        <item>
            <file>RequestMapping_xsltStyleSheet.xml</file>
            <path>/_system/governance/datamapper</path>
            <mediaType>text/plain</mediaType>
            <properties/>
        </item>
    </artifact>
</artifacts>
