<?xml version="1.0" encoding="UTF-8"?>
<endpoint name="Hospital_Reg" xmlns="http://ws.apache.org/ns/synapse">
    <address uri="http://localhost:8290/healthcare/categories/{category}/reserve">
        <suspendOnFailure>
            <initialDuration>-1</initialDuration>
            <progressionFactor>1.0</progressionFactor>
        </suspendOnFailure>
        <markForSuspension>
            <retriesBeforeSuspension>0</retriesBeforeSuspension>
        </markForSuspension>
    </address>
</endpoint>
